1f0125040e975bf,ui_icon_mtx_tileimage_operator_adler_gunslinger_v0
edbd06813c141f6,ui_icon_mtx_tileimage_operator_adler_traveler_v0
edbd16813c143a9,ui_icon_mtx_tileimage_operator_adler_traveler_v1
edbce6813c13e90,ui_icon_mtx_tileimage_operator_adler_traveler_v2
e25cdf0f5c153b9,ui_icon_mtx_tileimage_operator_adler_detective_v1
4863a2dbd27a52c,ui_icon_mtx_tileimage_operator_adler_ranger_v0
4efa95078a37167,ui_icon_mtx_tileimage_operator_cia_boss_v0
3c185138f9e4bb7,ui_icon_mtx_tileimage_operator_cia_covert_v0
1ed71fafa8af43c,ui_icon_mtx_tileimage_operator_cia_grit_v0
1ed72fafa8af5ef,ui_icon_mtx_tileimage_operator_cia_grit_v1
1ed73fafa8af7a2,ui_icon_mtx_tileimage_operator_cia_grit_v2
3028a8103551318,ui_icon_mtx_tileimage_operator_cia_logger_v0,verified
2eb12ee280c5f38,ui_icon_mtx_tileimage_operator_mi6_badblood_v0,verified
2eb13ee280c60eb,ui_icon_mtx_tileimage_operator_mi6_badblood_v1,verified
2eb14ee280c629e,ui_icon_mtx_tileimage_operator_mi6_badblood_v2,verified
b381bd281e414a5,ui_icon_mtx_tileimage_operator_mi6_doubleagent_v0
b0540617c855b4f,ui_icon_mtx_tileimage_operator_mi6_handler_v0
e0217a088edf868,ui_icon_mtx_tileimage_operator_mi6_heist_v0
80778bb9c0cd3d3,ui_icon_mtx_tileimage_operator_mi6_scorch_v0
7797de8253ae6ed,ui_icon_mtx_tileimage_operator_mi6_tagger_v0
5215e1a4e267c52,ui_icon_mtx_tileimage_operator_bulldozer
3992d4f103326e7,ui_icon_mtx_tileimage_operator_stitch_v0
3992c4f10332534,ui_icon_mtx_tileimage_operator_stitch_v1
3992f4f10332a4d,ui_icon_mtx_tileimage_operator_stitch_v2
3992e4f1033289a,ui_icon_mtx_tileimage_operator_stitch_v3
399294f1033201b,ui_icon_mtx_tileimage_operator_stitch_v4
5bc3b4d18519f20,ui_icon_mtx_tileimage_operator_stitch_prisoner_v0
5bc3c4d1851a0d3,ui_icon_mtx_tileimage_operator_stitch_prisoner_v1
5bc3d4d1851a286,ui_icon_mtx_tileimage_operator_stitch_prisoner_v2
8da2ba5cd38b905,ui_icon_mtx_tileimage_operator_wgerman_bomber_v0
d9c5db51f0ec18e,ui_icon_mtx_tileimage_operator_wgerman_gsg9_v0
d9c5eb51f0ec341,ui_icon_mtx_tileimage_operator_wgerman_gsg9_v1
d9c5bb51f0ebe28,ui_icon_mtx_tileimage_operator_wgerman_gsg9_v2
8fec16b96c021aa,ui_icon_mtx_tileimage_operator_wgerman_nightops_v0
b24c032ad23f999,ui_icon_mtx_tileimage_operator_wgerman_racer_v0
b24bf32ad23f7e6,ui_icon_mtx_tileimage_operator_wgerman_racer_v1
6e2a7d6531bb70d,ui_icon_mtx_tileimage_operator_wgerman_raider_v0
6e2a6d6531bb55a,ui_icon_mtx_tileimage_operator_wgerman_raider_v1
6e2a5d6531bb3a7,ui_icon_mtx_tileimage_operator_wgerman_raider_v2
bb319375faf1dbb,ui_icon_mtx_tileimage_operator_wgerman_stealth_v0
b38ece221a38623,ui_icon_mtx_tileimage_operator_wgerman_winter_v0
c1e79f27a28beee,ui_icon_mtx_tileimage_operator_woods_biker_v0
bb71594309500c0,ui_icon_mtx_tileimage_operator_woods_eagleclaw_v0
bb7169430950273,ui_icon_mtx_tileimage_operator_woods_eagleclaw_v1
bb7179430950426,ui_icon_mtx_tileimage_operator_woods_eagleclaw_v2
8e4ee02242505e0,ui_icon_mtx_tileimage_operator_woods_fisherman_v0
b4c802afc37bd7d,ui_icon_mtx_tileimage_operator_woods_trucker_v0
271319ee537ffe,ui_icon_mtx_tileimage_operator_seal_air_v0
cc59e6335ace0e9,ui_icon_mtx_tileimage_operator_seal_clown_v0
fe069f906662a15,ui_icon_mtx_tileimage_operator_seal_dissident_v0
2be5e8ac0900d6b,ui_icon_mtx_tileimage_operator_seal_knucklehead_v0
ca2a303b8b447e7,ui_icon_mtx_tileimage_operator_seal_land_v0
50460db8616a520,ui_icon_mtx_tileimage_operator_seal_maverick_v0
50461db8616a6d3,ui_icon_mtx_tileimage_operator_seal_maverick_v1
50462db8616a886,ui_icon_mtx_tileimage_operator_seal_maverick_v2
875136adc0a3f4,ui_icon_mtx_tileimage_operator_seal_wolf_v0
e0203f8098659b3,ui_icon_mtx_tileimage_operator_cuban_hitman_v0
440889d0e7944c,ui_icon_mtx_tileimage_operator_cuban_mechanic_v0
647aae9b4283bea,ui_icon_mtx_tileimage_operator_cuban_sicario_v0
647abe9b4283d9d,ui_icon_mtx_tileimage_operator_cuban_sicario_v1
647a8e9b4283884,ui_icon_mtx_tileimage_operator_cuban_sicario_v2
647a9e9b4283a37,ui_icon_mtx_tileimage_operator_cuban_sicario_v3
647a6e9b428351e,ui_icon_mtx_tileimage_operator_cuban_sicario_v4


b69a5999a789b31,ui_icon_operators_usa_bulldozer
d740ea6e372a229,ui_icon_operators_stitch