Hash,Asset Name,Type
xmodel_1f11eedc22989c2,p8_zom_aether_perk_bottle_03,Perk
xmodel_dbfe8243991d9e2,wpn_t9_zm_perk_can_quick_revive,Perk
xmodel_6976dd18a2b9195,wpn_t9_zm_perk_can_quick_revive,Perk
xmodel_5995b3cc741a38e,wpn_t9_zm_perk_can_elemental,Perk
xmodel_abaf3b42adf5410,wpn_t9_zm_perk_can_elemental,Perk
xmodel_51de9ecdca91663,wpn_t9_zm_perk_can_staminup,Perk
xmodel_6788cb668a320e8,wpn_t9_zm_perk_can_staminup,Perk
xmodel_9da87856180f3ee,wpn_t9_zm_perk_can_speed_cola,Perk
xmodel_580a23e435fe632,wpn_t9_zm_perk_can_deadshot,Perk
xmodel_1e16997c874541f,wpn_t9_zm_perk_can_deadshot,Perk
xmodel_ae27f55345dde23,wpn_t9_zm_perk_can_juggernogg,Perk
xmodel_8a866dab595a9f6,wpn_t9_zm_perk_can_juggernogg,Perk
xmodel_dc8b52a598de649,blank_pop_can,Perk
xmodel_a1bcd94047f98f1,wpn_t9_zm_wand_cannister_healing_aura,Field Upgrade
xmodel_324f737fb618ccb,wpn_t9_zm_wand_cannister_energy_mine,Field Upgrade
xmodel_fcd6d07442c9ada,wpn_t9_zm_wand_cannister_aether_shroud,Field Upgrade
xmodel_5f9b3ef8bb7330a,wpn_t9_zm_wand_cannister_frost_blast,Field Upgrade
xmodel_fc7ee5c69212e50,attach_t9_ammo_mod_missing_view,Field Upgrade
xmodel_5c8d8d59a771d41,attach_t9_ammo_mod_missing_view,Field Upgrade
xmodel_95ac0dbf9487d6a,attach_t9_ammo_mod_missing_view,Field Upgrade
xmodel_96f6395f5856ff1,attach_t9_ammo_mod_missing_view,Field Upgrade
xmodel_e66d1d4410e95ae,wpn_t9_zm_wand_healing_aura_view,Field Upgrade
xmodel_9b6d434e5a50230,wpn_t9_zm_wand_energy_mine_view,Field Upgrade
xmodel_1cc3ef26e4e67e7,wpn_t9_zm_wand_aether_shroud_view,Field Upgrade
xmodel_2bb17b8c266e4b7,wpn_t9_zm_wand_frost_blast_view,Field Upgrade
xmodel_ceb8e7c0f1da187,wpn_t9_zm_wand_ring_fire_view,Field Upgrade
xmodel_a1bcd94047f98f1,wpn_t9_zm_wand_healing_aura_world,Field Upgrade
xmodel_324f737fb618ccb,wpn_t9_zm_wand_energy_mine_world,Field Upgrade
xmodel_fcd6d07442c9ada,wpn_t9_zm_wand_aether_shroud_world,Field Upgrade
xmodel_5f9b3ef8bb7330a,wpn_t9_zm_wand_frost_blast_world,Field Upgrade
xmodel_84ce385b4dac69,wpn_t9_zm_wand_closed_energy_mine,Field Upgrade
xmodel_75ad8f39b6adc56,wpn_t9_zm_wand_closed_ring_fire_wand_prop,Field Upgrade
xmodel_410dfe4defd6e46,wpn_t9_zm_wand_closed_aether_shroud_prop,Field Upgrade
xmodel_d50cbf1b29ddb96,wpn_t9_zm_wand_closed_frost_blast_prop,Field Upgrade
xmodel_6c1ff07476068e9,wpn_t9_zm_wand_healing_aura_prop,Field Upgrade
xmodel_1bb92358aa2d0d7,wpn_t9_zm_wand_cannister_frost_blast_view,Field Upgrade
xmodel_1c57957830a468b,wpn_t9_zm_wand_cannister_aether_shroud_view,Field Upgrade
xmodel_635e6bb68e8f84e,wpn_t9_zm_wand_cannister_healing_aura_view,Field Upgrade
xmodel_40b142b4f38f9d2,wpn_t9_eqp_grenade_frag,Weapon
xmodel_9935705bdae408c,wpn_t9_eqp_grenade_decoy,Weapon
xmodel_1dd6868d4c338bf,attach_t9_zm_silver_ww_mag_05_view,Weapon